Ticker,ChatGPT_Insight,Sentiment_Score,Insight_PC1,Insight_PC2,Insight_PC3,Insight_PC4
AAPL,"Certainly! Here are some key insights about Apple Inc. (AAPL), as of June 2024:

---

**1. Market Position and Brand Strength**
- Apple is the world’s largest company by market capitalization (around $3 trillion) and is consistently ranked among the top global brands.
- Its customer loyalty and brand recognition are unmatched, helping drive repeat sales and adoption of new products.

**2. Product Ecosystem & Revenue Streams**
- Major revenue sources: iPhone (~50% of revenue), Services (App Store, Apple Music, iCloud, etc.), Mac, iPad, Wearables (including Apple Watch and AirPods).
- Services are the fastest-growing segment, representing a shift toward recurring revenue and higher margins.
- Apple’s ecosystem ""lock-in"" encourages consumers to stay within the brand (e.g. iMessage, AirDrop, iCloud integration).

**3. Innovation and Technology**
- Regularly launches new hardware and software (most recently, iPhone 15, new Macs with M-series chips, Apple Vision Pro mixed reality headset).
- Heavy investments in AI and custom silicon (Apple-designed chips) improve performance and operational efficiency.

**4. Financial Health**
- Strong balance sheet with significant cash reserves.
- Generates substantial free cash flow, enabling aggressive share buybacks and consistent dividend payments (albeit low yield).
- Maintains a high credit rating and operational flexibility.

**5. Global Footprint & Supply Chain**
- Significant international presence; does face concentration risk in supply chain (notably in China), though it's making efforts to diversify to other regions.
- Sensitive to global economic conditions and currency fluctuations.

**6. Challenges & Risks**
- Slowing hardware growth: iPhone sales are mature in developed markets; overall smartphone market is saturated.
- Increasing regulatory scrutiny, especially around the App Store and competition laws in the US, EU, and elsewhere.
- Supply chain disruptions, potential tariffs, and trade tensions (notably US-China).

**7. Market Sentiment / Valuation**
- Typically trades at a premium valuation compared to peers, reflecting its quality, cash flow, and brand.
- Seen as both a growth and defensive stock due to resilient demand and strong balance sheet.

---

**Summary:**  
Apple is a technology and consumer electronics giant with unmatched brand strength, a sticky product ecosystem, and growing focus on high-margin services. While challenges remain (market saturation, regulation), its financial position, ongoing innovation, and expansion into new technologies (AI, augmented reality) underpin its market leadership and growth prospects.

*Note: For detailed financials and up-to-date market data, always refer to the latest quarterly reports and market sources.*",0.9934,11.580857502502507,6.288011104009253,-6.858265520976124,-0.04117113724212064
MSFT,"Here are some key insights about Microsoft Corporation (MSFT) as of mid-2024:

**1. Market Leadership and Financial Performance**
- **Valuation:** MSFT is one of the world's most valuable companies, recently surpassing a $3 trillion market cap.
- **Consistent Growth:** The company has delivered strong revenue and earnings growth, driven by its cloud, productivity, and AI segments.
- **Robust Financials:** High margins, excellent free cash flow, and steadily increasing dividends underpin a healthy balance sheet.

**2. Cloud Dominance**
- **Azure:** Microsoft's Azure platform is the second-largest global cloud infrastructure provider, competing closely with Amazon Web Services (AWS). Azure is growing faster than the overall cloud market, fueled by enterprises adopting cloud solutions.
- **Hybrid Cloud:** Microsoft leverages its entrenched position in on-premises enterprise software (e.g., Windows Server, SQL Server) to facilitate hybrid and multi-cloud deployments.

**3. AI Leadership**
- **OpenAI Partnership:** Microsoft is a major investor in OpenAI, integrating ChatGPT and other advanced AI models into its products, including Bing, Office 365, and Azure.
- **Copilot:** The company is embedding ""Copilot"" AI features across its suite of products, aiming to boost productivity through generative AI and automation.
- **Competitive Advantage:** Microsoft is perceived as a leader in monetizing AI at scale, with early evidence pointing to real revenue contributions from AI-powered services.

**4. Diversified Business Segments**
- **Productivity & Business Processes:** Includes Office 365, LinkedIn, and Dynamics; this segment exhibits steady growth and high margins.
- **More Personal Computing:** Encompasses Windows, Surface, search/ads, and Xbox; Windows licensing and hardware are stable, while Xbox and Game Pass offer potential upside from gaming expansion.
- **Gaming:** The $68.7B acquisition of Activision Blizzard in 2023 positions Microsoft as a leading force in gaming, strengthening its Game Pass subscription and IP portfolio.

**5. Risks and Considerations**
- **Regulatory Scrutiny:** Microsoft's size and dominance attract ongoing antitrust and regulatory investigations, particularly in the EU and US.
- **Valuation:** The stock often trades at a premium compared to historical averages and technology sector peers, requiring robust growth to justify the valuation.
- **Competition:** Faces fierce competition across segments from Amazon, Google, Apple, Salesforce, and others.

**6. Strategic Focus:**
- **Enterprise Relationships:** Microsoft's longstanding relationships and integrated product suites provide formidable business ""moats.""
- **Cloud & AI Synergy:** The firm's strategy centers on integrating AI into its cloud and productivity platforms, aiming for cross-platform adoption and stickiness.

**In Summary:**  
Microsoft is a well-diversified, financially strong company at the forefront of cloud and AI transformation. It combines stable legacy businesses with significant growth opportunities in AI, cloud, and gaming. Investors and industry observers regard MSFT as a bellwether for both technology innovation and enduring profitability, though regulatory and competitive risks remain.",0.995,-0.19971683104190072,-4.278167117760362,3.1253318027024,11.689911415900779
GOOGL,"Certainly! Here are some key insights about **GOOGL (Alphabet Inc. Class A shares)** as of mid-2024:

---

### 1. **Company Overview**
- **Alphabet Inc.** is the parent company of Google and several other businesses. Its stock trades under tickers **GOOGL (Class A, voting)** and **GOOG (Class C, non-voting)**.
- **Main businesses**: Online advertising (Google Search, YouTube, Google Ads), cloud services (Google Cloud), Android, hardware, and ""Other Bets"" (e.g., Waymo, Verily).

---

### 2. **Financial Performance**
- **Consistent growth**: Alphabet remains among the world's most profitable companies.
- **Q1 2024 highlights**: Revenue growth rebound, led by robust ad revenue and accelerating contributions from Google Cloud.
- **Margins**: Operating margin expansion in 2024, aided by cost management and AI-driven efficiencies.
- **Balance sheet**: Exceptional cash reserves (over $100B in cash and marketable securities), low debt.

---

### 3. **AI Leadership**
- **Generative AI**: Major investments in Gemini (its generative AI platform), Bard (AI assistant), and integration of AI across its products (Search, Workspace, YouTube).
- **Competitive landscape**: Intensifying competition from Microsoft (OpenAI), Amazon, and Meta, but Google remains a leader in AI infrastructure and research.

---

### 4. **Google Cloud**
- Has achieved consistent profitability since 2023.
- Fast-growing revenue contributor (~$10B revenues quarterly, outpacing some competitors in growth rate in recent quarters).
- Strategic focus on AI solutions and enterprise customers.

---

### 5. **Advertising Dominance & Regulatory Risks**
- **Advertising**: Core business remains online ads; Search and YouTube are critical drivers.
- **Regulatory scrutiny**: Facing antitrust lawsuits in the U.S. and Europe, particularly targeting its ad business and Search dominance. Outcomes could impact business practices and, possibly, financials in the long term.

---

### 6. **Other Bets & Innovation**
- **Other Bets**: Segment includes ""moonshots"" like Waymo (autonomous vehicles) and Verily (life sciences). Still unprofitable, but some signs of revenue growth.
- Reputation for fostering innovation; often leads to new revenue streams.

---

### 7. **Stock Trends**
- **Strong performance**: GOOGL stock hit all-time highs in 2024, boosted by AI optimism and operational execution.
- **Shareholder returns**: Announced first-ever quarterly dividend in 2024 and ongoing share buybacks.
- **Valuation**: Trades at a premium to the broader market, reflecting growth expectations, dominant market position, and strong financials.

---

### 8. **Risks & Challenges**
- **Regulation**: Key risk is antitrust and privacy regulation globally.
- **Ad market dependence**: Ad revenue still over 75% of total—exposure to economic cycles.
- **Competition**: AI and cloud wars intensifying, with nimble rivals.

---

## **Summary**
**GOOGL** represents a powerful combination of digital ad dominance, cloud/AI leadership, and innovation. Investors are betting on Alphabet’s ability to maintain core growth, diversify via AI and Cloud, and withstand regulatory pressures. The company’s financial strength and focus on returning capital are notable positives.

**(Always check recent earnings and news for the latest specifics.)** If you want a deeper dive (valuation, analyst price targets, or recent news), let me know!",0.9952,-7.71076855400262,-7.051945913186773,-9.232558242276433,-3.3024069175423483
AMZN,"Sure! Here are some **key insights about Amazon (AMZN)** as of June 2024:

---

### 1. **E-commerce Leadership**
- Amazon remains the world’s largest online retailer, with dominant market share in the US and a significant presence globally.
- It continues to expand into new markets and categories (e.g., healthcare, groceries, fashion).

### 2. **AWS Growth and Margins**
- **Amazon Web Services (AWS)** is the company’s largest profit driver, contributing the majority of operating income.
- While AWS revenue growth has slowed compared to previous years, it remains robust and margins have stayed strong.
- Continued investment in AI/data services and partnerships with major enterprises and governments bolster AWS' outlook.

### 3. **Advertising Business Expansion**
- Amazon’s advertising segment is now a multi-billion dollar business and one of the company’s fastest-growing, posting double-digit YoY growth.
- It leverages unique shopper data for high-margin targeted ads, competing with Google and Meta.

### 4. **Operational Efficiency Improvements**
- Ongoing investments in logistics, AI-driven automation, robotics, and regional fulfillment networks have improved delivery speed, cost, and efficiency.
- Amazon is investing heavily in generative AI both for internal operations and customer-facing products.

### 5. **Profitability & Cash Flow**
- Operating income and free cash flow have rebounded since 2022 due to cost-cutting initiatives and improved operational scale.
- Margins have benefited from cloud, ads, and subscription services (Prime), even as retail margins remain thin.

### 6. **Stock Performance & Valuation**
- As of June 2024, AMZN has outperformed most tech peers YTD, with shares near or at all-time highs.
- Still, the stock trades at a premium valuation (relative to traditional retailers) driven by cloud/ad growth and future growth prospects.

### 7. **AI and New Initiatives**
- Amazon is a significant player in generative AI, both through AWS AI services (Bedrock, Titan, etc.) and Alexa-enabled devices.
- Its physical store and healthcare experiments (Amazon Clinic, One Medical) have been mixed, with some scaling back.

### 8. **Regulatory & Competitive Risks**
- Faces ongoing antitrust scrutiny in the US and EU regarding market dominance and business practices.
- Increasing competition from Walmart, Shopify, international e-commerce (e.g., Temu, Shein), and cloud competitors (Microsoft, Google).

---

**Summary:**  
Amazon is a diversified tech and retail powerhouse driven by leadership in cloud computing (AWS), advertising, and e-commerce. It combines strong profitability/cash flow with investments in AI, automation, and new business lines. Key risks include regulation and intensifying competition, but its scale and innovation remain formidable advantages.

*(All data/context as of June 2024)*",0.9867,5.017819760215513,-6.146511367328073,8.865112803100256,-6.943462073888093
TSLA,"Certainly! As of June 2024, here are some key insights about Tesla, Inc. (TSLA):

---

**1. Financial Performance & Valuation**
- **Stock Volatility:** Tesla’s stock remains volatile, often moving significantly on news about deliveries, margins, or broader tech sentiment.
- **Margins Decline:** Over the past year, Tesla’s automotive gross margins have decreased due to aggressive price cuts amid heightened competition, especially from Chinese EV makers.
- **Profitability:** Despite lower margins, Tesla remains profitable, though earnings growth has slowed compared to previous years.
- **Valuation:** TSLA trades at a premium compared to traditional automakers, reflecting optimism about its growth opportunities beyond vehicles.

---

**2. Sales & Deliveries**
- **Delivery Pace:** Tesla’s delivery growth has decelerated in 2024. Q1 and Q2 saw the company missing analyst estimates, citing factory shutdowns and challenging market conditions.
- **Market Share Pressure:** Competitive pressure is mounting in China and elsewhere, partially eroding Tesla’s market share and forcing further price competition.

---

**3. Product Pipeline**
- **Cybertruck:** Deliveries began in late 2023 but ramp-up has been slower than anticipated, with production and cost challenges.
- **Model Upgrades:** Updates to the Model 3 (“Highland”) and others aim to refresh the lineup amid increasing competition.
- **Future Vehicles:** Tesla has indicated work on a more affordable model (“Model 2” or “Redwood”) targeting mass-market adoption, but timelines remain unclear.

---

**4. Technology & AI**
- **Full Self-Driving (FSD):** FSD remains in beta, with Elon Musk claiming significant advances in AI. Regulatory approval and mainstream adoption, however, remain distant.
- **Dojo Supercomputer:** Tesla is investing in its Dojo AI supercomputer for neural net training, with some bulls believing this could be a major future profit source.

---

**5. Energy & Other Segments**
- **Energy Storage Growth:** Tesla’s energy generation and storage segment is growing rapidly, especially Megapack installations for utilities.
- **Insurance & Services:** Diversification into insurance and other digital services continues, but these aren’t yet major revenue contributors.

---

**6. Leadership & Risk Factors**
- **Musk Focus:** Concerns about Elon Musk’s attention as he juggles several ventures (e.g. X (Twitter), SpaceX, Neuralink) persist.
- **Regulatory Risks:** Ongoing regulatory scrutiny exists globally around FSD claims, labor, and data privacy—especially in Europe and China.
- **Global Supply Chain:** Geopolitical risks (e.g., US-China trade tensions, new EU tariffs) could further complicate manufacturing and sales.

---

**7. Long-Term Vision**
- **“More than a Car Company”:** Tesla bulls continue to view the company as a technology, energy, and robotics leader, not just an automaker.
- **Robotaxi & Autonomous Vehicles:** Much value in Tesla’s market cap is predicated on future success in autonomous vehicles and related services, but the timeframe remains uncertain.

---

**Summary**
Tesla faces intensifying competition, margin pressure, and slowing vehicle growth, but maintains leadership in EV mindshare, brand, and innovation. Upside hinges on successful expansion into new vehicles, scaling its energy/storage business, and advances in autonomy and AI.

**Note:** Always verify the latest earnings reports, news, and analyst updates, as the EV sector is rapidly evolving.

Let me know if you’d like more details on any specific aspect!",0.989,-8.688191877673498,11.188613294265958,4.100379157449907,-1.4028712872282205
